<?xml version="1.0" encoding="UTF-8"?>
<ejb-jar version="2.1" xmlns="http://java.sun.com/xml/ns/j2ee" xmlns:xsi="http://www.w3.org/2001/XMLSchema-instance" xsi:schemaLocation="http://java.sun.com/xml/ns/j2ee http://java.sun.com/xml/ns/j2ee/ejb-jar_2_1.xsd">
  <enterprise-beans>
    <!-- Entity Beans -->
    <entity>
      <ejb-name>CourseBean</ejb-name>
      <local-home>com.ejbean.CourseHome</local-home>
      <local>com.ejbean.Course</local>
      <ejb-class>com.ejbean.CourseBean</ejb-class>
      <persistence-type>Container</persistence-type>
      <reentrant>True</reentrant>
      <cmp-version>2.x</cmp-version>
      <abstract-schema-name>CourseBean</abstract-schema-name>
      <sql-table>find_Courses</sql-table>
      <primkey-field>course_Id</primkey-field>
      <prim-key-class>java.lang.String</prim-key-class>
      <cmp-field>
        <field-name>course_Id</field-name>
      </cmp-field>
      <cmp-field>
        <field-name>instructor</field-name>
      </cmp-field>
      <query>
        <description/>
        <query-method>
          <method-name>findByInstructor</method-name>
          <method-params>
            <method-param>java.lang.String</method-param>
          </method-params>
        </query-method>
        <!-- result-type-mapping>java.util.Collection</result-type-mapping-->
        <ejb-ql>SELECT OBJECT(o) FROM CourseBean o WHERE o.instructor=?1</ejb-ql>
      </query>
      <query>
        <query-method>
          <method-name>findAll</method-name>
          <method-params/>
        </query-method>
        <ejb-ql>SELECT OBJECT(o) FROM CourseBean o</ejb-ql>
      </query>
    </entity>
    <!-- Session Beans -->
    <!-- session id="test_MyTestSession">
	<display-name>My Test Session Bean</display-name>
	<ejb-name>test/MyTestSession</ejb-name>
	<home>test.session.MyTestSessionHome</home>
	<remote>test.session.MyTestSession</remote>
	<ejb-class>test.session.MyTestSessionBean</ejb-class>
	<session-type>Stateless</session-type>
	<transaction-type>Container</transaction-type>
      </session -->
    <session id="Calculator">
	<display-name>Calculator Session Bean</display-name>
	<ejb-name>ejb/CalculatorSessionBean</ejb-name>
	<home>com.ejbean.CalculatorLocal</home>
	<remote>com.ejbean.CalculatorRemote</remote>
	<ejb-class>com.ejbean.CalculatorBean</ejb-class>
	<session-type>Stateful</session-type>
	<transaction-type>Container</transaction-type>
      </session>
    <!-- session id="StateShop">
	<display-name>Shopping Cart Stateful Session Bean</display-name>
	<ejb-name>ejb/ShoppingCartBean</ejb-name>
	<home>com.bean.ShoppingCartBean</home>
	<remote>com.bean.ShoppingCartBean</remote>
	<ejb-class>com.bean.ShoppingCartBean</ejb-class>
	<session-type>Stateful</session-type>
	<transaction-type>Container</transaction-type>
      </session -->
  </enterprise-beans>
  <assembly-descriptor>
    <container-transaction>
      <method>
        <ejb-name>CourseBean</ejb-name>
        <method-name>*</method-name>
      </method>
      <trans-attribute>Required</trans-attribute>
    </container-transaction>
  </assembly-descriptor>
</ejb-jar>
