<?xml version="1.0" encoding="UTF-8"?>

<!DOCTYPE jbosscmp-jdbc PUBLIC
    "-//JBoss//DTD JBOSSCMP-JDBC 3.0//EN"
    "http://www.jboss.org/j2ee/dtd/jbosscmp-jdbc_3_0.dtd">

<!-- ===================================================================== -->
<!--                                                                       -->
<!--  Standard Jaws Configuration                                          -->
<!--                                                                       -->
<!-- ===================================================================== -->

<!-- $Id: standardjaws.xml,v 1.30 2002/06/27 19:26:28 dsundstrom Exp $ -->

<jaws>
   <datasource>java:/MySqlDS</datasource>
   <type-mapping>mySQL</type-mapping>
   
   <enterprise-beans>
    <entity>
        <ejb-name>CourseBean</ejb-name>
        <create-table>true</create-table>
	<table-name>find_courses</table-name>
        <remove-table>false</remove-table>
        <tuned-updates>false</tuned-updates>
        <read-only>false</read-only>
        <time-out>300</time-out>
        <cmp-field>
          <field-name>course_Id</field-name>
          <column-name>course_Id</column-name>
        </cmp-field>
        <cmp-field>
          <field-name>instructor</field-name>
          <column-name>instructor</column-name>
        </cmp-field>
     </entity>
   </enterprise-beans>
</jaws>
