<jboss-client>
   <jndi-name>bank-client</jndi-name>

   <ejb-ref>
      <ejb-ref-name>ejb/CalculatorSessionBean</ejb-ref-name>
      <jndi-name>CalculatorSessionBean</jndi-name>
   </ejb-ref>
   <ejb-ref>
      <ejb-ref-name>ejb/ShoppingCartBean</ejb-ref-name>
      <jndi-name>ShoppingCartBean</jndi-name>
   </ejb-ref>
   <ejb-ref>
      <ejb-ref-name>CourseBean</ejb-ref-name>
      <jndi-name>CourseBean</jndi-name>
   </ejb-ref>
   
   <resource-ref> was not commented out, but throws JBoss 4.0 error currently
        <description>JDBC Connection</description>
        <res-ref-name>jdbc/MySqlDS</res-ref-name>
        <res-type>javax.sql.DataSource</res-type>
        <res-auth>Container</res-auth>
	<res-sharing-scope>Shareable</res-sharing-scope>
    </resource-ref>

</jboss-client>
