<?xml version="1.0" encoding="UTF-8"?>
<!DOCTYPE jboss PUBLIC "-//JBoss//DTD JBOSS//EN"
    "http://www.jboss.org/j2ee/dtd/jboss.dtd">

<jboss>
   <resource-managers>
   <resource-manager>
      <res-name>jdbc/MySqlDS</res-name>
      <res-jndi-name>jdbc/MySqlDS</res-jndi-name>
    </resource-manager>

    <resource-manager>
      <res-name>jdbc/MySqlDS</res-name>
      <res-url>jdbc:mysql://localhost:3306/mattdb</res-url>
   </resource-manager>

    <resource-manager>
        <res-name>mail/DefaultMail</res-name>
        <res-jndi-name>java:/Mail</res-jndi-name>
    </resource-manager>
   </resource-managers>

   <enterprise-beans>
	<!-- session>
	   <ejb-name>test/MyTestSession</ejb-name>
	   <jndi-name>ejb/test/MyTestSession</jndi-name>
	</session -->

	<session>
	   <ejb-name>ejb/CalculatorSessionBean</ejb-name>
	   <jndi-name>ejb/CalculatorSessionBean</jndi-name>
	</session>

	<!-- session>
	   <ejb-name>ejb/ShoppingCartBean</ejb-name>
	   <jndi-name>ejb/ShoppingCartBean</jndi-name>
	</session -->
        <entity>
            <ejb-name>CourseBean</ejb-name>
            <jndi-name>CourseBean</jndi-name>
        </entity>
   </enterprise-beans>

</jboss>