<jbosscmp-jdbc>
        <!-- entity>
            <ejb-name>find_CourseBean</ejb-name>
            <table-name>find_courses</table-name>
            
            <cmp-field>
                <field-name>course_Id</field-name>
                <not-null />
            </cmp-field>
            <cmp-field>
                <field-name>instructor</field-name>
            </cmp-field>
        </entity -->

	<defaults>
		<datasource>java:/MySqlDS</datasource>
		<datasource-mapping>mySQL</datasource-mapping>
                <debug>true</debug>
                <create-table>true</create-table>
                <remove-table>false</remove-table>
                <read-only>false</read-only>
                <time-out>0</time-out>
                <select-for-update>false</select-for-update>
                <pk-constraint>true</pk-constraint>
                <relation-mapping-style>foreign-key</relation-mapping-style>
                <read-ahead>
                    <strategy>on-load</strategy>
                    <page-size>500</page-size>
                    <eager-load-group>group name</eager-load-group>
                </read-ahead>
                
       		<!-- create-table>true</create-table>
      		<remove-table>false</remove-table>
      		<read-only>false</read-only>
      		<read-time-out>300000</read-time-out>
      		<row-locking>false</row-locking>
      		<pk-constraint>true</pk-constraint>
      		<fk-constraint>false</fk-constraint>
      		<preferred-relation-mapping>foreign-key</preferred-relation-mapping>
      		<read-ahead>
         	   <strategy>on-load</strategy>
         	   <page-size>1000</page-size>
         	   <eager-load-group>*</eager-load-group>
      		</read-ahead>
      		<list-cache-max>1000</list-cache-max>
      		<clean-read-ahead-on-load>false</clean-read-ahead-on-load -->
	</defaults>

        <enterprise-beans>
            <entity>
                <ejb-name>CourseBean</ejb-name>
                <table-name>find_courses</table-name>
            </entity>
        </enterprise-beans>
                
</jbosscmp-jdbc>