<?xml version="1.0" encoding="UTF-8"?>

<jboss-web>
    <context-root>/game</context-root>
    <description>Hero Web App</description>

    <resource-ref>
        <res-ref-name>mail/DefaultMail</res-ref-name>
        <res-type>javax.mail.Session</res-type>
        <jndi-name>java:/Mail</jndi-name>
    </resource-ref>

    <!-- resource-env-ref>
        <resource-env-ref-name>jdbc/MySqlDS</resource-env-ref-name>
        <jndi-name>jdbc/MySqlDS</jndi-name>
    </resource-env-ref -->

    <resource-ref>
        <res-ref-name>jdbc/MySqlDS</res-ref-name>
        <res-type>javax.sql.DataSource</res-type>
        <jndi-name>java:/jdbc/MySqlDS</jndi-name> <!-- orig: java:/MySqlDS -->
    </resource-ref>

    <resource-ref>
        <res-ref-name>jdbc/MySqlDS</res-ref-name>
        <res-type>javax.sql.DataSource</res-type>
        <res-url>jdbc:mysql://localhost:3306/mattdb</res-url>
    </resource-ref>

  <!-- servlet>
    <servlet-name>Simple</servlet-name>
    <display-name>Simple</display-name>
    <servlet-class>com.SimpleServlet</servlet-class>
  </servlet>

  <servlet-mapping>
     <servlet-name>Simple</servlet-name>
     <url-pattern>/Simple</url-pattern>
  </servlet-mapping -->

</jboss-web>