<?xml version="1.0" encoding="UTF-8"?>
<project xmlns="http://www.netbeans.org/ns/project/1">
    <type>org.netbeans.modules.ant.freeform</type>
    <configuration>
        <general-data xmlns="http://www.netbeans.org/ns/freeform-project/1">
            <!--Do not use Project Properties customizer when editing this file manually.-->
            <name>Hero</name>
            <folders>
                <source-folder>
                    <label>web</label>
                    <type>doc_root</type>
                    <location>web</location>
                </source-folder>
                <source-folder>
                    <label>src</label>
                    <type>java</type>
                    <location>src</location>
                </source-folder>
            </folders>
            <ide-actions>
                <action name="build">
                    <target>all</target>
                </action>
                <action name="clean">
                    <target>clean</target>
                </action>
                <action name="run">
                    <target>all</target>
                </action>
                <action name="redeploy">
                    <target>deploy</target>
                </action>
                <action name="rebuild">
                    <target>clean</target>
                    <target>all</target>
                </action>
            </ide-actions>
            <view>
                <items>
                    <source-folder style="tree">
                        <label>web</label>
                        <location>web</location>
                    </source-folder>
                    <source-folder style="packages">
                        <label>src</label>
                        <location>src</location>
                    </source-folder>
                    <source-file>
                        <location>build.xml</location>
                    </source-file>
                </items>
                <context-menu>
                    <ide-action name="build"/>
                    <ide-action name="clean"/>
                    <ide-action name="run"/>
                    <ide-action name="redeploy"/>
                    <ide-action name="rebuild"/>
                </context-menu>
            </view>
            <subprojects/>
        </general-data>
        <java-data xmlns="http://www.netbeans.org/ns/freeform-project-java/1">
            <compilation-unit>
                <package-root>src</package-root>
                <source-level>1.5</source-level>
            </compilation-unit>
        </java-data>
        <web-data xmlns="http://www.netbeans.org/ns/freeform-project-web/1">
            <web-module>
                <doc-root>web</doc-root>
                <classpath>src</classpath>
                <context-path>/game</context-path>
                <j2ee-spec-level>1.4</j2ee-spec-level>
            </web-module>
        </web-data>
    </configuration>
</project>
