<?xml version="1.0" encoding="UTF-8"?>

<!DOCTYPE application PUBLIC "-//Sun Microsystems, Inc.//DTD J2EE Application 1.3//EN" "http://java.sun.com/dtd/application_1_3.dtd">
  
<application id="GeronimoTestApp">
  <display-name>GeronimoTestApp</display-name>
  <description>A test of a simple EJB</description>
  <module>
    <ejb>gtest-ejbs.jar</ejb>
  </module>
  <module>
    <web>
      <web-uri>gtest.war</web-uri>
      <context-root>GeronimoTestWebApp</context-root>
    </web>
  </module>
</application>