<?xml version="1.0" encoding="UTF-8"?>
<!DOCTYPE ejb-jar PUBLIC "-//Sun Microsystems, Inc.//DTD Enterprise JavaBeans 2.0//EN" "http://java.sun.com/dtd/ejb-jar_2_0.dtd">
<ejb-jar>
<description>Geronimo EJB Test</description>

<enterprise-beans>
  <session id="GeronimoTestEJB">
   <ejb-name>DateEJB</ejb-name>
   <home>test.ejb.DateHome</home>
   <remote>test.ejb.DateRemote</remote>
   <local-home>test.ejb.DateLocalHome</local-home>
   <local>test.ejb.DateLocal</local>
   <ejb-class>test.ejb.DateBean</ejb-class>
   <session-type>Stateless</session-type>
   <transaction-type>Container</transaction-type>
  </session>
</enterprise-beans>
</ejb-jar>
