<?xml version="1.0" encoding="UTF-8"?>

<web-app xmlns="http://geronimo.apache.org/xml/ns/web" configId="GeronimoTestWebApp" parentId="org/apache/geronimo/Server">

    <context-root>/GeronimoTestWebApp</context-root>
    <context-priority-classloader>
      false
    </context-priority-classloader>
    <naming:resource-ref>
      <naming:ref-name>postgres</naming:ref-name>
      <naming:resource-link>jdbc:postgresql://localhost:5432/candydb</naming:resource-link>
    </naming:resource-ref>
    <ejb-ref>
	  	<ref-name>DateEJB</ref-name>
		<ejb-link>DateEJB</ejb-link>
    </ejb-ref>
</web-app>
