<?xml version="1.0" encoding="UTF-8"?>

<!DOCTYPE application PUBLIC "-//Sun Microsystems, Inc.//DTD J2EE Application 1.3//EN" "http://java.sun.com/dtd/application_1_3.dtd">

<application id="GeronimoTestApp" xmlns="http://geronimo.apache.org/xml/ns/j2ee/application-1.0" configId="GeronimoTestWebApp" parentId="org/apache/geronimo/Server">  
  <module>
    <ejb>gtest-ejbs.jar</ejb>
    <!-- alt-dd>meta-inf/openejb-jar.xml</alt-dd -->
  </module>
  <module>
    <web>gtest.war</web>
    <!-- alt-dd>meta-inf/geronimo-web.xml</alt-dd -->
  </module>
</application>