<?xml version="1.0" encoding="UTF-8"?>
<openejb-jar xmlns="http://www.openejb.org/xml/ns/openejb-jar-2.0" xmlns:naming="http://geronimo.apache.org/xml/ns/naming-1.0" xmlns:security="http://geronimo.apache.org/xml/ns/security-1.1" xmlns:sys="http://geronimo.apache.org/xml/ns/deployment-1.0" xmlns:pkgen="http://www.openejb.org/xml/ns/pkgen-2.0" inverseClassloading="false" configId="GeronimoTestEJB" >
<!-- parentId="org/apache/geronimo/Server" -->
<enterprise-beans>
  <session>
   <ejb-name>DateEJB</ejb-name>
   <jndi-name>DateEJB</jndi-name>
   <local-jndi-name>DateEJB</local-jndi-name>
  </session>
  
</enterprise-beans>
</openejb-jar>
