<project basedir="." default="compile">
  <!-- =====================================================================
        Properties
       ===================================================================== -->
	<property file="build.properties"/>
	<property file="c:/usr/src/utilities/build.properties"/>
	<property name="project.home" value="${basedir}"/>
	<property name="tools.dir" value="${project.home}/tools"/>
	<property name="template.dir" value="${project.home}/templates"/>
	<property name="src.dir" value="${project.home}/src"/>
	<property name="gen.src.dir" value="${project.home}/src-gen"/>
	<property name="dist.dir" value="${project.home}/dist"/>
	<property name="lib.dir" value="${project.home}/lib"/>
	<property name="bin.dir" value="${project.home}/bin"/>
	<property name="build.dir" value="${project.home}/build"/>
	<property name="etc.dir" value="${project.home}/web"/>

	  <!-- =====================================================================
        ClassPaths
       ===================================================================== -->
	<path id="build.classpath">
		<pathelement path="${java.class.path}" />
		<pathelement path="${bin.dir}" />
		<fileset dir="${java.home}/lib">
			<include name="**/*.jar"/>
		</fileset>
		<fileset dir="${geronimo.home}/lib">
			<include name="**/*.jar"/>
		</fileset>
		<fileset dir="${geronimo.home}/repository/geronimo-spec/jars">
			<include name="*.jar"/>
		</fileset>
		<fileset dir="${geronimo.home}/repository/org.apache.geronimo.specs/jars">
			<include name="**/*.jar"/>
		</fileset>
		<pathelement location="${junit.home}/junit.jar"/>
		<fileset dir="${geronimo.home}/repository/geronimo-spec/jars">
			<include name="*.jar"/>
		</fileset>
	</path>
  
  <!-- =====================================================================
        Cleans old build files
       ===================================================================== -->
	<target name="clean" description="cleans up old build files.">
		<delete dir="${bin.dir}" />
		<delete dir="${dist.dir}" />
		<delete dir="${lib.dir}" />
	</target>
	
  <!-- =====================================================================
        Prepares directories
       ===================================================================== -->
	<target name="prepare" depends="clean" description="prepares directories">
		<mkdir dir="${bin.dir}" />
		<mkdir dir="${dist.dir}" />
		<mkdir dir="${lib.dir}" />
	</target>

  <!-- =====================================================================
        Compiles source code
       ===================================================================== -->
	<target name="compile" depends="prepare">
		<javac srcdir="${src.dir}" destdir="${bin.dir}">
			<classpath refid="build.classpath"/>
		</javac>
	</target>

  <!-- =====================================================================
        Creates JAR file
       ===================================================================== -->
	<target name="jar" depends="compile" description="Creates JAR file">
		<jar jarfile="${lib.dir}/${jar.name}">
			<fileset dir="${bin.dir}" includes="**/*.class"/>
		</jar>
	</target>
  
</project>